column_name,description
id,"A unique identifier for each record in the dataset, allowing for easy reference and tracking of specific awards or IDVs."
award_or_idv,"Indicates whether the record pertains to an award or an individual development voucher, helping to categorize the type of funding involved."
a76_action,"Describes the specific action taken under the A76 process, which relates to the competition of government services."
agency_code,"Represents the code assigned to the agency involved in the award or IDV, facilitating identification and analysis of agency-specific data."
piid_agency_name,"The name of the agency associated with the PIID, providing context for the funding source."
alternative_advertising,"Indicates whether alternative advertising methods were used, which can impact the procurement process."
aistatus,"Reflects the current status of the award or IDV under the A76 process, useful for tracking progress and compliance."
ai_status_desc,"Provides a description of the A76 status, offering more detailed insight into the current state of the award or IDV."
aitype,"Categorizes the type of A76 action, which can help in understanding the nature of the award or IDV."
award_type_description,"Describes the specific type of award, aiding in the analysis of different funding mechanisms."
ccr_exception_type,"Identifies any exceptions related to the CCR (Central Contractor Registration) process, which may affect eligibility or compliance."
claimant_program_code,"Represents the code for the program under which the claimant is operating, useful for program-specific analysis."
claimant_program_description,"Provides a description of the claimant's program, offering context for the funding and its intended use."
co_bus_size_determination_code,"Indicates the code used to determine the size of the business involved, which can influence eligibility for certain awards."
co_bus_size_determination,"Describes the determination of business size, providing insight into the type of entities receiving funding."
commercial_item_acquisition,"Indicates whether the acquisition involves commercial items, which can affect procurement strategies."
commercial_item_test_program,"Identifies participation in a commercial item test program, relevant for understanding procurement practices."
citp_desc,"Describes the Commercial Item Test Program, providing context for the acquisition process."
contingency_ops,"Indicates whether the award or IDV is related to contingency operations, which can impact funding priorities."
bundled_contract_exception,"Identifies any exceptions related to bundled contracts, which may affect the procurement process."
contract_financing,"Describes the financing arrangements for the contract, important for understanding funding mechanisms."
contract_for_foreign_entity,"Indicates whether the contract involves a foreign entity, which can have implications for compliance and regulations."
contracting_agency_id,"Represents the identifier for the contracting agency, facilitating tracking and analysis of agency-specific data."
contracting_agency_name,"The name of the agency responsible for the contract, providing context for the funding source."
department_id,"Identifies the department associated with the award or IDV, useful for departmental analysis."
department_name,"The name of the department involved, providing additional context for the funding and its management."
contracting_office_id,"Represents the identifier for the contracting office, aiding in tracking and analysis of specific offices."
contracting_office_name,"The name of the contracting office, providing context for the management of the award or IDV."
region_code,"Indicates the geographical region associated with the award or IDV, useful for regional analysis."
cost_acct_standards,"Describes the cost accounting standards applicable to the award or IDV, important for compliance and reporting."
cost_or_pricing_data,"Indicates whether cost or pricing data is required, which can affect the procurement process."
country_code,"Represents the code for the country associated with the award or IDV, useful for international analysis."
award_country_name,"The name of the country related to the award or IDV, providing context for the funding source."
current_completion_date,"Indicates the expected completion date for the award or IDV, important for tracking timelines."
current_contract_value,"Represents the current value of the contract, which is crucial for financial analysis and reporting."
date_signed,"The date on which the award or IDV was signed, providing a timeline for the funding process."
description_of_requirement,"Describes the specific requirements of the award or IDV, offering insight into the intended use of funds."
dollars_obligated,"Indicates the total amount of dollars obligated under the award or IDV, important for financial tracking."
dollars_obligated_per_action,"Represents the amount of dollars obligated for each action taken under the award or IDV, useful for detailed financial analysis."
economy_act,"Indicates whether the Economy Act is applicable, which can affect procurement strategies."
effective_date,"The date on which the award or IDV becomes effective, important for understanding the timeline of funding."
use_of_epa_products,"Indicates whether EPA products are used, which can have implications for compliance and environmental considerations."
use_of_epa_products_desc,"Provides a description of the use of EPA products, offering additional context for compliance."
email_address,"Represents the email address associated with the award or IDV, useful for communication purposes."
evaluated_preference,"Indicates whether evaluated preferences were applied, which can impact the procurement process."
extent_competed,"Describes the extent to which the award or IDV was competed, important for understanding procurement practices."
fee_paid_for_use_of_service,"Represents any fees paid for the use of services under the award or IDV, relevant for financial analysis."
fee_range_lower_value,"Indicates the lower value of the fee range associated with the award or IDV, useful for budgeting."
fee_range_upper_value,"Indicates the upper value of the fee range associated with the award or IDV, important for financial planning."
fixed_fee_value,"Represents the fixed fee value associated with the award or IDV, crucial for understanding financial commitments."
funding_agency_code,"Represents the code for the agency providing funding, essential for tracking financial sources."
funding_agency_name,"The name of the agency that is providing the funding, offering clarity on financial responsibilities."
funding_office_code,"Code for the specific office within the funding agency, useful for detailed tracking of funding sources."
funding_office_name,"The name of the office providing the funding, which can help in identifying points of contact."
funding_department_id,"Identifier for the department within the agency responsible for the funding, aiding in organizational clarity."
funding_department_name,"The name of the department providing the funding, which can be important for accountability."
idv_last_date,"The last date associated with the individual development voucher, useful for tracking timelines."
it_commercial_item_category,"Categorizes the commercial items related to information technology, which can be important for compliance and reporting."
last_modified_by,"Indicates who last modified the record, providing accountability and traceability."
last_modified_date,"The date when the record was last modified, which is important for maintaining up-to-date information."
letter_contract,"Indicates whether a letter contract is involved, which can affect the procurement process."
major_program_code,"Represents the code for the major program under which the award or IDV falls, aiding in program analysis."
pop_location_code,"Code for the location where the performance of the contract will take place, important for logistical planning."
pop_location_name,"The name of the location associated with the performance of the contract, providing geographical context."
pop_location_state_cd,"State code for the location of performance, useful for regional analysis."
pop_location_state_name,"The name of the state where the performance will occur, providing clarity on geographical details."
feature_id,"Identifier for specific features related to the award or IDV, which can be useful for detailed analysis."
feat_name,"The name of the feature associated with the award or IDV, providing context for the identifier."
pop_county_code,"Code for the county where the performance will take place, important for local analysis."
pop_county_name,"The name of the county associated with the performance location, providing additional geographical context."
feat_class,"Classifies the feature related to the award or IDV, which can aid in categorization and analysis."
fips_class,"Indicates the FIPS classification, which can be important for compliance and reporting purposes."
pop_country_code,"Code for the country where the performance will occur, useful for international considerations."
pop_country_name,"The name of the country associated with the performance location, providing clarity on geographical details."
pop_zip_code,"Zip code for the location of performance, important for logistical and regional analysis."
max_order_limit,"Specifies the maximum order limit for the award or IDV, which is crucial for budgetary considerations."
modification_number,"Indicates the modification number for the award or IDV, useful for tracking changes over time."
multiple_or_single_award_idc,"Indicates whether the award is a multiple or single award, which can affect procurement strategies."
naics_code,"Represents the NAICS code associated with the award or IDV, important for industry classification."
naics_description,"Describes the industry associated with the NAICS code, providing context for the classification."
number_of_actions,"Counts the number of actions taken under the award or IDV, useful for performance tracking."
number_of_offers_received,"Indicates how many offers were received for the award, which can be important for competition analysis."
perform_based_service_contract,"Indicates whether the contract is performance-based, which can affect evaluation criteria."
pbsc_short_description,"Provides a brief description of the performance-based service contract, offering quick insights."
ordering_procedure,"Describes the procedure used for ordering under the award or IDV, which can impact compliance."
prepared_by,"Indicates who prepared the record, providing accountability and traceability."
prepared_date,"The date when the record was prepared, which is important for maintaining up-to-date information."
piid,"The unique identifier for the procurement instrument, essential for tracking specific contracts."
pre_award_synopsis_requirement,"Indicates whether a pre-award synopsis is required, which can affect procurement processes."
original_agency_code,"Represents the code for the original agency involved in the award or IDV, aiding in historical tracking."
original_piid,"The original PIID associated with the award or IDV, useful for reference and tracking changes."
award_class_id,"Identifier for the class of the award, which can help in categorizing and analyzing awards."
is_transfered,"Indicates whether the award or IDV has been transferred, which can affect tracking and compliance."
ref_idv_class_id,"Identifier for the reference IDV class, useful for categorization and analysis."
place_of_manufacture,"Indicates where the product or service is manufactured, which can be important for compliance and sourcing."
pom_short_description,"Provides a brief description of the place of manufacture, offering quick insights."
price_eval_diff,"Represents the difference in price evaluation, which can be important for financial analysis."
product_or_service_code,"Code representing the product or service associated with the award or IDV, aiding in classification."
product_or_service_description,"Describes the product or service related to the award or IDV, providing clarity on the offering."
system_equipment_code,"Code for the system or equipment involved in the award or IDV, useful for technical classification."
system_equipment_desc,"Details the description of the system or equipment being procured, which is crucial for understanding the nature of the acquisition."
program_acronym,"Represents the acronym for the program associated with the award or IDV, facilitating quick reference."
purchase_card_payment_method,"Indicates the payment method used for purchase card transactions, relevant for financial tracking."
reason_for_modification,"Describes the reason for any modifications made to the award or IDV, which is important for transparency."
reason_for_modification_desc,"Provides a detailed description of the modification reason, offering clarity on changes made."
reason_for_purchase,"Indicates the rationale behind the purchase, which can be useful for justifying expenditures."
reason_not_competed,"Describes the reason why the award or IDV was not competed, relevant for compliance and oversight."
reason_not_sb,"Indicates the reason why a small business set-aside was not applicable, important for understanding procurement decisions."
reason_not_sb_desc,"Provides a description of the reason for not applying a small business set-aside, offering further context."
reason_not_sdb,"Indicates the reason why a small disadvantaged business set-aside was not applicable, relevant for compliance."
reason_not_sdb_desc,"Describes the rationale for not applying a small disadvantaged business set-aside, providing additional insight."
recovered_material_clauses,"Indicates whether recovered material clauses are applicable to the award or IDV, which can affect compliance."
recovered_material_cls_desc,"Provides a description of the recovered material clauses, offering clarity on sustainability practices."
reference_agency_code,"Represents the code for any reference agency involved in the award or IDV, useful for tracking relationships."
reference_modification_number,"Indicates the modification number for reference purposes, aiding in tracking changes to the award."
reference_piid,"Contains the reference procurement instrument identifier (PIID), which is important for linking related documents."
reveal_date,"Indicates the date when the information was revealed, which is important for tracking transparency and compliance timelines."
research,"Describes any research activities associated with the award or IDV, relevant for understanding the scope of work."
sbc_demonstration_program_code,"Represents the code for the small business demonstration program, useful for program-specific analysis."
sbc_demonstration_program,"Describes the small business demonstration program, providing context for the funding."
sea_transportation,"Indicates whether the award or IDV involves sea transportation, which can affect logistics and compliance."
solicitation_id,"Represents the identifier for the solicitation related to the award or IDV, important for tracking procurement processes."
solicitation_procedures,"Describes the procedures followed for the solicitation, relevant for compliance and transparency."
statry_exptn_to_fair_oprtnty,"Indicates any statutory exceptions to fair opportunity, which can affect procurement decisions."
subcontract_plan,"Describes the subcontracting plan associated with the award or IDV, important for compliance with regulations."
type_of_contract_pricing,"Indicates the pricing structure of the contract, which can influence financial analysis."
tocp_short_description,"Provides a short description of the type of contract pricing, aiding in quick reference."
type_of_fee_for_use_of_service,"Describes the fee structure for the use of services, relevant for financial tracking."
synopsis_waiver_exception,"Indicates whether a synopsis waiver exception applies, which is important for compliance."
transaction_number,"Represents a unique identifier for each transaction, facilitating tracking and analysis."
type_of_idc,"Indicates the type of indefinite delivery contract (IDC) involved, relevant for understanding procurement strategies."
type_of_set_aside,"Describes the type of set-aside applied to the award or IDV, which can affect eligibility and compliance."
ultimate_completion_date,"Indicates the ultimate completion date for the award or IDV, important for tracking project timelines."
ultimate_contract_value,"Represents the total value of the contract, which is crucial for financial analysis and budgeting."
who_can_use,"Describes the entities eligible to use the award or IDV, relevant for understanding access and compliance."
vendor_name,"Indicates the name of the vendor associated with the award or IDV, important for tracking relationships."
vendor_duns_number,"Represents the DUNS number for the vendor, which is essential for identifying the business entity."
vendor_address_line_1,"Contains the first line of the vendor's address, important for contact and correspondence."
vendor_address_line_2,"Provides the second line of the vendor's address, useful for detailed location information."
address_line_3,"Contains additional address information for the vendor, which can aid in accurate delivery."
vendor_address_city,"Indicates the city of the vendor's address, important for geographical identification."
address_state,"Represents the state of the vendor's address, relevant for compliance with regional regulations."
vendor_address_state_name,"Provides the name of the state for the vendor's address, aiding in clarity and identification."
vendor_address_zip_code,"Indicates the zip code for the vendor's address, important for accurate mailing."
vendor_country_code,"Represents the country code for the vendor's address, relevant for international transactions."
vendor_address_country_name,"Provides the name of the country for the vendor's address, aiding in geographical identification."
vendor_phone_number,"Indicates the phone number for the vendor, important for communication and contact purposes."
aiob_flag,"Indicates whether the award or IDV is associated with the All-Inclusive Offerings Bundle, relevant for procurement analysis."
apaob_flag,"Indicates whether the award or IDV is associated with the All-Purpose Acquisition Offerings Bundle, important for understanding procurement strategies."
baob_flag,"Indicates whether the award or IDV is associated with the Bundled Acquisition Offerings Bundle, relevant for compliance and analysis."
educational_institution_flag,"Indicates whether the recipient is an educational institution, relevant for understanding the type of organizations involved."
eight_a_flag,"Indicates participation in the 8(a) Business Development Program, which supports small businesses in federal contracting."
emerging_small_business_flag,"Identifies whether the recipient qualifies as an emerging small business, important for compliance with small business regulations."
very_small_business_flag,"Indicates if the recipient is classified as a very small business, which can affect eligibility for certain programs."
federal_government,"Indicates whether the award or IDV is associated with the federal government, providing context for the funding source."
haob_flag,"Identifies if the recipient is a Historically Underutilized Business, relevant for diversity and inclusion initiatives."
hbcu_flag,"Indicates whether the recipient is a Historically Black College or University, important for understanding funding distribution."
hospital_flag,"Indicates if the recipient is a hospital, which can influence the type of services or programs funded."
hubzone_flag,"Identifies if the recipient is located in a Historically Underutilized Business Zone, relevant for small business contracting."
local_government,"Indicates whether the award or IDV is associated with local government entities, providing context for funding distribution."
minority_institution_flag,"Identifies if the recipient is a minority institution, relevant for diversity and inclusion in funding."
minority_owned_business_flag,"Indicates whether the recipient is a minority-owned business, important for compliance with diversity initiatives."
naob_flag,"Identifies if the recipient is a Native American-owned business, relevant for understanding funding distribution."
nonprofit_organization_flag,"Indicates whether the recipient is a nonprofit organization, which can affect the type of programs funded."
organizational_type,"Describes the type of organization receiving the award or IDV, aiding in categorization and analysis."
saaob_flag,"Indicates if the recipient is a Small and Emerging Business, relevant for small business contracting initiatives."
sdb_flag,"Identifies if the recipient is a Small Disadvantaged Business, important for compliance with federal contracting regulations."
sheltered_workshop_flag,"Indicates whether the recipient operates a sheltered workshop, relevant for understanding the type of services provided."
small_business_flag,"Identifies if the recipient is classified as a small business, which is crucial for compliance with small business regulations."
srdvob_flag,"Indicates if the recipient is a Service-Disabled Veteran-Owned Business, relevant for diversity in federal contracting."
state_government_flag,"Indicates whether the award or IDV is associated with state government entities, providing context for funding distribution."
tribal_government_flag,"Identifies if the recipient is a tribal government, relevant for understanding the type of organizations involved."
veteran_owned_flag,"Indicates whether the recipient is a veteran-owned business, important for compliance with diversity initiatives."
women_owned_flag,"Identifies if the recipient is a women-owned business, relevant for understanding funding distribution and compliance."
wosb_flag,"Indicates if the recipient is a Women-Owned Small Business, important for federal contracting compliance."
jvwosb_flag,"Identifies if the recipient is a Joint Venture Women-Owned Small Business, relevant for understanding funding structures."
edwosb_flag,"Indicates if the recipient is an Economically Disadvantaged Women-Owned Small Business, important for compliance with diversity initiatives."
edjvwosb_flag,"Identifies if the recipient is an Economically Disadvantaged Joint Venture Women-Owned Small Business, relevant for understanding funding structures."
annual_revenue,"Represents the annual revenue of the recipient organization, providing insight into the financial health of the entity."
number_of_employees,"Indicates the total number of employees within the recipient organization, which can help assess the size and capacity of the business."
alaskan_native_corporation,"Indicates whether the recipient is an Alaskan Native Corporation, relevant for understanding the type of organizations involved."
indian_tribe,"Identifies if the recipient is an Indian tribe, important for understanding the diversity of organizations receiving funding."
native_hawaiian_organization,"Indicates whether the recipient is a Native Hawaiian organization, relevant for understanding the type of organizations involved."
tribally_owned,"Identifies if the recipient is a tribally-owned entity, important for understanding the diversity of organizations receiving funding."
firm8a_joint_venture,"Indicates if the recipient is part of a firm 8(a) joint venture, relevant for understanding funding structures."
other_minority_owned,"Identifies if the recipient is classified as another type of minority-owned business, relevant for diversity initiatives."
community_development_corp,"Indicates whether the recipient is a community development corporation, which can affect the type of programs funded."
labor_surplus_area_firm,"Identifies if the recipient is a firm located in a labor surplus area, relevant for understanding economic development initiatives."
federally_funded_r_and_d_corp,"Indicates whether the recipient is a federally funded research and development corporation, important for understanding funding sources."
federal_agency,"Represents the federal agency associated with the award or IDV, providing context for the funding source."
city,"Indicates the city where the recipient is located, which can help in geographic analysis of funding distribution."
county,"Represents the county where the recipient is located, providing additional geographic context for funding distribution."
inter_municipal,"Indicates whether the recipient is involved in inter-municipal agreements, relevant for understanding collaborative efforts."
local_government_owned,"Identifies if the recipient is a local government-owned entity, important for understanding the type of organizations involved."
municipality,"Indicates the municipality associated with the recipient, providing context for geographic analysis."
school_district,"Identifies the school district associated with the recipient, relevant for understanding educational funding."
township,"Indicates the township where the recipient is located, providing additional geographic context for funding distribution."
foreign_government,"Identifies if the recipient is a foreign government, relevant for understanding the diversity of organizations involved."
corp_entity_not_tax_exempt,"Indicates whether the recipient is a corporate entity that is not tax-exempt, important for compliance considerations."
corp_entity_tax_exempt,"Identifies if the recipient is a corporate entity that is tax-exempt, relevant for understanding funding eligibility."
partnership_or_llp,"Indicates whether the entity involved is a partnership or limited liability partnership, relevant for understanding business structure."
sole_propreitorship,"Indicates if the entity is a sole proprietorship, which can influence eligibility for certain programs."
small_agricultural_cooperative,"Identifies if the entity is a small agricultural cooperative, relevant for agricultural funding programs."
international_organization,"Indicates whether the entity is an international organization, which may affect eligibility and compliance."
other,"Captures any additional information that does not fit into the predefined categories, allowing for flexibility in data representation."
architecture_and_engineering,"Indicates if the entity is involved in architecture and engineering services, relevant for specific funding opportunities."
community_corp_owned_firm,"Identifies if the entity is a community corporation-owned firm, which may influence funding eligibility."
construction_firm,"Indicates if the entity is a construction firm, relevant for contracts related to construction projects."
domestic_shelter,"Identifies if the entity provides domestic shelter services, which can be important for social service funding."
foundation,"Indicates if the entity is a foundation, relevant for understanding the source of funding and support."
manufacturer_of_goods,"Identifies if the entity is a manufacturer of goods, which can impact procurement strategies."
research_and_development,"Indicates if the entity is involved in research and development, relevant for funding opportunities in innovation."
service_provider,"Identifies if the entity is a service provider, which can influence the type of contracts awarded."
veterinary_hospital,"Indicates if the entity is a veterinary hospital, relevant for specific health-related funding."
hispanic_servicing_institution,"Identifies if the entity is a Hispanic-serving institution, which may affect eligibility for certain grants."
contracts,"Indicates whether the record pertains to contracts, providing insight into the nature of the funding."
grants,"Indicates whether the record pertains to grants, which can be important for understanding funding distribution."
contracts_grants,"Indicates if the record involves both contracts and grants, relevant for comprehensive funding analysis."
airport_authority,"Identifies if the entity is an airport authority, which may influence funding opportunities related to transportation."
council_of_governments,"Indicates if the entity is a council of governments, relevant for regional funding initiatives."
housing_public_or_tribal,"Identifies if the entity is involved in public or tribal housing, which can impact funding eligibility."
interstate_entity,"Indicates if the entity operates across state lines, relevant for understanding jurisdictional issues."
planning_commission,"Identifies if the entity is a planning commission, which may influence funding for urban development."
port_authority,"Indicates if the entity is a port authority, relevant for funding related to maritime operations."
transit_authority,"Identifies if the entity is a transit authority, which can impact transportation-related funding opportunities."
subchapter_s_corporation,"Indicates if the entity is a Subchapter S corporation, relevant for understanding business structure."
limited_liability_corporation,"Identifies if the entity is a limited liability corporation, which can influence eligibility for certain programs."
foreign_owned_and_located,"Indicates if the entity is foreign-owned and located, which may affect compliance and eligibility."
state_of_incorporation,"Represents the state in which the entity is incorporated, relevant for jurisdictional analysis."
country_of_incorporation,"Indicates the country in which the entity is incorporated, which can impact international funding considerations."
for_profit_organization,"Identifies if the entity is a for-profit organization, relevant for understanding funding dynamics."
other_not_for_profit_org,Indicates if the entity is a not-for-profit organization that does not fit into other specified categories.
land_grant_college_1862,"Identifies if the entity is a land-grant college established in 1862, relevant for educational funding."
land_grant_college_1890,"Indicates if the entity is a land-grant college established in 1890, which may influence funding eligibility."
land_grant_college_1994,"Identifies if the entity is a land-grant college established in 1994, relevant for specific educational programs."
private_university_or_college,"Indicates if the entity is a private university or college, which can impact funding opportunities."
school_of_forestry,"Identifies if the entity is a school of forestry, relevant for environmental and agricultural funding."
higher_learning,"Indicates if the entity is involved in higher learning, which can influence educational funding opportunities."
tribal_college,"Identifies if the entity is a tribal college, relevant for specific funding aimed at indigenous education."
veterinary_college,"Indicates if the entity is a veterinary college, which can impact funding related to animal health and education."
dot_certified_disadv_bus,"Indicates if the entity is a Department of Transportation certified disadvantaged business, relevant for procurement opportunities."
sdb,"Identifies if the entity is a small disadvantaged business, which can influence eligibility for certain programs."
us_government_entity,"Indicates if the entity is a U.S. government entity, relevant for understanding compliance and funding sources."
nhsi_flag,"Indicates whether the entity is flagged as a National Historically Black College or University, which may affect funding eligibility."
ansi_flag,"Identifies if the entity meets ANSI standards, relevant for compliance and quality assurance."
selfcert_hubzone_jointventure,"Indicates if the entity is a self-certified HUBZone joint venture, which can influence eligibility for specific contracts."
place_congressional_district,"Represents the congressional district where the entity is located, useful for political and funding analysis."
vendor_congressional_district,"Indicates the congressional district of the vendor, relevant for understanding regional funding dynamics."
offerors_proposal_number,"Contains the proposal number submitted by the offeror, which is essential for tracking submissions."
pr_number,"Represents the procurement request number, allowing for easy reference to specific procurement actions."
closeout_pr,"Indicates whether the closeout process is related to a particular procurement request, important for tracking completion."
procurement_placement_code,"Represents the code for the placement of procurement actions, useful for analyzing procurement strategies."
solicitation_issue_date,"The date when the solicitation was issued, important for tracking timelines in the procurement process."
advisory_legacy_procurementance_services,"Indicates whether advisory legacy_procurementance services are included, which can affect the scope of the award."
support_services_type_contract,"Describes the type of contract for support services, providing context for the nature of the services provided."
new_tech_patent_rights_clause,"Indicates whether a clause regarding new technology patent rights is included, relevant for intellectual property considerations."
mgmt_reporting_requirements,"Describes the management reporting requirements associated with the award or IDV, important for compliance."
property_financial_reporting,"Indicates whether property financial reporting is required, which can impact financial oversight."
value_engineering_clause,"Indicates the presence of a value engineering clause, which can affect cost-saving measures in contracts."
security_code,"Represents a code related to security requirements, important for compliance with federal regulations."
administrator_code,"Indicates the code for the administrator overseeing the award or IDV, useful for accountability."
contracting_officer_code,"Represents the code for the contracting officer responsible for the award, important for procurement oversight."
negotiator_code,"Indicates the code for the negotiator involved in the award process, relevant for tracking negotiations."
cotr_name,"The name of the Contracting Officer's Technical Representative, providing a point of contact for technical oversight."
alternate_cotr_name,"The name of an alternate COTR, ensuring continuity in oversight and communication."
organization_code,"Represents the code for the organization involved in the award or IDV, facilitating organizational analysis."
contract_fund_code,"Indicates the code for the funding source of the contract, important for financial tracking."
is_physically_complete,"Indicates whether the project or service is physically complete, relevant for project management."
physical_completion_date,"The date when physical completion was achieved, important for tracking project timelines."
installaion_unique,"Represents a unique identifier for the installation, aiding in tracking specific projects."
funded_through_date,"The date through which funding is available, important for financial planning and management."
cancellation_date,"Indicates the date when the award or IDV was canceled, relevant for tracking project status."
principal_inv_first_name,"The first name of the principal investigator, providing a point of contact for the award."
principal_inv_middle_initial,"The middle initial of the principal investigator, useful for identifying individuals."
principal_inv_last_name,"The last name of the principal investigator, completing the identification of the individual."
alt_principal_inv_first_name,"The first name of an alternate principal investigator, providing additional contact options."
alt_principal_inv_mi_initial,"The middle initial of the alternate principal investigator, useful for identification."
alt_principal_inv_last_name,"The last name of the alternate principal investigator, completing their identification."
field_of_science_or_engg,"Indicates the field of science or engineering relevant to the award or IDV, useful for categorization."
final_invoice_paid_date,"The date when the final invoice was paid, important for financial closure of the award."
accession_number,"Represents a unique accession number for tracking purposes, aiding in record management."
destroy_date,"Indicates the date when records are scheduled for destruction, relevant for compliance with retention policies."
acctng_installation_number,"Represents the accounting installation number, important for financial tracking."
other_statutory_authority,"Indicates any other statutory authority under which the award or IDV is issued, relevant for legal compliance."
ad_none,"Indicates the absence of any advisory requirements, useful for understanding compliance obligations."
ad_blanket_delegation,"Indicates whether blanket delegation is applicable, which can affect procurement processes."
ad_post_award_audit,"Indicates whether a post-award audit is required, important for financial oversight."
ad_security,"Indicates whether security requirements are applicable, relevant for compliance with federal regulations."
ad_cost_accounting_standards,"Indicates whether cost accounting standards apply, important for financial management."
ad_property_administration,"Indicates whether property administration requirements are applicable, relevant for asset management."
ad_transportation,"Indicates whether transportation requirements are applicable, which can affect logistics."
ad_quality_insurance,"Indicates whether quality assurance requirements are applicable, important for maintaining standards."
ad_consent_to_subcontract,"Indicates whether consent to subcontract is required, relevant for compliance with contract terms."
ad_closeout,"Indicates whether closeout requirements are applicable, important for project completion."
ad_engg_or_prod_surveillance,"Indicates whether engineering or production surveillance is required, relevant for oversight."
ad_other,"Indicates any other advisory requirements not specified, providing flexibility in compliance tracking."
contractor_name,"The name of the contractor involved in the award or IDV, providing a point of contact for the project."
doing_business_as_name,"Represents the name under which the contractor does business, useful for identification."
national_interest_code,"Indicates the code related to national interest considerations, relevant for compliance and funding priorities."
national_interest_description,"Provides a description of the national interest considerations, offering context for funding decisions."
url_of_program,"Contains the URL for the program associated with the award or IDV, providing a direct link for further information."
extent_competed_description,"Describes the extent of competition for the award or IDV, which is important for assessing procurement fairness."
evaluated_pref_description,"Provides a description of any evaluated preferences applied in the awarding process, relevant for compliance analysis."
reason_not_comp_description,"Details the reasons why competition was not pursued, which can be important for transparency and accountability."
research_description,"Describes any research components associated with the award or IDV, useful for understanding the scope of the funding."
solicitation_proc_description,"Provides a description of the solicitation process used for the award or IDV, relevant for procurement analysis."
fair_opportunity_description,"Describes the fair opportunity provided to potential contractors, which is essential for compliance with procurement regulations."
type_of_set_aside_description,"Indicates the type of set-aside associated with the award or IDV, which can affect eligibility and competition."
version,"Represents the version of the record, useful for tracking changes and updates over time."
created_via,"Indicates the method by which the record was created, providing context for data entry and management."
parent_macom_code,"Represents the code for the parent Major Command (MACOM), which can help in organizational analysis."
place_congressional_state_name,"Indicates the name of the congressional state associated with the award or IDV, relevant for geographic analysis."
department,"Represents the department under which the agency operates, providing context for the funding source."
agency,"Indicates the name of the agency involved in the award or IDV, essential for identifying the responsible organization."
macom_org_id,"A unique identifier for the Major Command (MACOM) organization, facilitating organizational tracking."
macom_org_code,"Represents the code assigned to the Major Command (MACOM) organization, useful for identification purposes."
macom_org_name,"The name of the Major Command (MACOM) organization, providing context for the funding and organizational structure."
subcom1_org_id,"A unique identifier for the first subordinate organization, aiding in hierarchical tracking."
subcom1_org_code,"Represents the code assigned to the first subordinate organization, useful for identification."
subcom1_org_name,"The name of the first subordinate organization, providing context for the funding and organizational structure."
subcom2_org_id,"A unique identifier for the second subordinate organization, facilitating hierarchical tracking."
subcom2_org_code,"Represents the code assigned to the second subordinate organization, useful for identification."
subcom2_org_name,"The name of the second subordinate organization, providing context for the funding and organizational structure."
subcom3_org_id,"A unique identifier for the third subordinate organization, aiding in hierarchical tracking."
subcom3_org_code,"Represents the code assigned to the third subordinate organization, useful for identification."
subcom3_org_name,"The name of the third subordinate organization, providing context for the funding and organizational structure."
subcom4_org_id,"A unique identifier for the fourth subordinate organization, facilitating hierarchical tracking."
subcom4_org_code,"Represents the code assigned to the fourth subordinate organization, useful for identification."
subcom4_org_name,"The name of the fourth subordinate organization, providing context for the funding and organizational structure."
hierarchy_start_date,"Indicates the start date of the organizational hierarchy, useful for understanding the timeline of the structure."
hierarchy_end_date,"Indicates the end date of the organizational hierarchy, relevant for tracking changes over time."
function1_dim_id,"A unique identifier for the first function dimension, aiding in categorization and analysis."
function1_dim_desc,"Describes the first function dimension, providing context for the associated data."
function1_dim_val_id,"A unique identifier for the value associated with the first function dimension, facilitating detailed analysis."
function1_dim_val_desc,"Describes the value associated with the first function dimension, providing clarity for analysis."
function2_dim_id,"A unique identifier for the second function dimension, aiding in categorization and analysis."
function2_dim_desc,"Describes the second function dimension, providing context for the associated data."
function2_dim_val_id,"A unique identifier for the value associated with the second function dimension, facilitating detailed analysis."
function2_dim_val_desc,"Describes the value associated with the second function dimension, providing clarity for analysis."
function3_dim_id,"A unique identifier for the third function dimension, aiding in categorization and analysis."
function3_dim_desc,"Describes the third function dimension, providing context for the associated data."
function3_dim_val_id,"A unique identifier for the value associated with the third function dimension, facilitating detailed analysis."
function3_dim_val_desc,"Describes the value associated with the third function dimension, providing clarity for analysis."
func_dim_start_date,"Indicates the start date for the function dimensions, useful for understanding the timeline of the data."
func_dim_end_date,"Indicates the end date for the function dimensions, relevant for tracking changes over time."
id_hierarchy,"Represents the identifier for the hierarchy, aiding in organizational structure analysis."
code_hierarchy,"Contains the code associated with the hierarchy, useful for identification and categorization."
foreign_funding_desc,"Describes any foreign funding associated with the award or IDV, relevant for compliance and analysis."
mfg_organization_type,"Indicates the type of manufacturing organization involved, which can impact eligibility and competition."
mfg_organization_type_desc,"Provides a description of the manufacturing organization type, offering context for the funding."
undefinitized_action_desc,"Provides a description of any undefinitized actions taken, which can be important for tracking contract modifications."
multiyear_contract,"Indicates whether the award or IDV is a multiyear contract, relevant for financial planning and analysis."
multiyear_contract_desc,"Describes the specifics of the multiyear contract, providing additional context for its terms and conditions."
cas_clause_desc,Details the description of the Cost Accounting Standards (CAS) clause applicable to the award or IDV.
pcard_as_payment,"Indicates whether a procurement card (P-card) was used as a payment method, relevant for financial tracking."
pcard_as_payment_desc,"Provides a description of the use of P-cards in the transaction, offering insights into procurement practices."
clinger_cohen_plan_compliance,"Indicates compliance with the Clinger-Cohen Act, which is important for IT procurement and management."
clinger_cohen_act_desc,"Describes the specifics of the Clinger-Cohen Act compliance, providing context for its application."
walsh_healey_act,"Indicates whether the Walsh-Healey Act applies to the award or IDV, which is relevant for labor standards compliance."
walsh_healey_act_desc,"Provides a description of the Walsh-Healey Act's applicability, offering insights into labor-related requirements."
service_contract_act,"Indicates whether the Service Contract Act applies to the award or IDV, important for labor compliance."
service_contract_act_desc,"Describes the specifics of the Service Contract Act compliance, providing context for its application."
davis_bacon_act,"Indicates whether the Davis-Bacon Act applies to the award or IDV, relevant for wage and labor standards."
davis_bacon_act_desc,"Provides a description of the Davis-Bacon Act's applicability, offering insights into wage-related requirements."
contracting_authority,"Represents the authority responsible for the contracting process, which is important for governance and oversight."
contracting_authority_desc,"Describes the specifics of the contracting authority, providing additional context for its role."
gfe_gfp,Indicates whether Government-Furnished Equipment (GFE) or Government-Furnished Property (GFP) is involved in the award or IDV.
gfe_gfp_desc,"Provides a description of the GFE or GFP involved, offering insights into the resources provided by the government."
consolidated_contract,"Indicates whether the award or IDV is part of a consolidated contract, relevant for understanding contract structure."
consolidated_contract_desc,"Describes the specifics of the consolidated contract, providing additional context for its terms."
fed_biz_opps,"Indicates whether the award or IDV is associated with Federal Business Opportunities, important for procurement visibility."
fed_biz_opps_desc,"Provides a description of the Federal Business Opportunities association, offering insights into procurement processes."
a76_desc,"Describes the A-76 process related to the award or IDV, providing context for its competitive nature."
commercial_item_acquistn_desc,"Provides a description of the acquisition of commercial items, relevant for procurement analysis."
local_area_set_aside,"Indicates whether the award or IDV involves a local area set-aside, which can impact procurement strategies."
lasa_description,"Describes the specifics of the local area set-aside, providing additional context for its application."
agency_identifier,"Represents a unique identifier for the agency involved, facilitating agency-specific analysis."
main_account_code,"Indicates the main account code associated with the award or IDV, relevant for financial tracking."
sub_account_code,Represents the sub-account code for more detailed financial tracking within the main account.
initiative,"Describes the initiative under which the award or IDV falls, providing context for its purpose and goals."
fiscal_year,"Indicates the fiscal year in which the award or IDV was issued, important for financial reporting and analysis."
non_government_value,Represents the value associated with non-government contributions or aspects of the award or IDV.
ngc_participation,"Indicates whether there is participation from non-governmental entities, relevant for understanding collaboration."
ngc_participation_desc,"Provides a description of the non-governmental participation, offering insights into the nature of the collaboration."
type_of_agreement,"Describes the type of agreement under which the award or IDV is issued, important for legal and compliance purposes."
idv_contract_type,"Indicates the type of contract associated with the IDV, relevant for understanding procurement strategies."
idv_type_description,"Provides a description of the IDV type, offering insights into its specific characteristics."
idv_agency_name,"Represents the name of the agency associated with the IDV, facilitating agency-specific analysis."
idv_mul_or_single_award_idc,"Indicates whether the IDV is a multiple or single award, relevant for understanding contract structure."
idv_subcontract_plan,"Indicates whether there is a subcontract plan associated with the IDV, important for compliance and oversight."
idv_subcontract_plan_desc,"Provides a description of the subcontract plan, offering insights into its specifics."
idv_naics,"Represents the North American Industry Classification System (NAICS) code associated with the IDV, useful for industry analysis."
idv_naics_desc,"Provides a description of the NAICS code, offering additional context for industry classification."
idv_co_bus_size,"Indicates the size of the business associated with the IDV, relevant for compliance with federal regulations."
idv_co_bus_size_desc,"Describes the criteria used to determine the business size for the IDV, providing context for compliance."
idv_who_can_use,"Indicates who is eligible to use the IDV, important for understanding access and utilization."
idv_who_can_use_desc,"Provides a description of the eligibility criteria for using the IDV, offering insights into its intended audience."
idv_major_program_code,"Represents the major program code associated with the IDV, facilitating program-specific analysis."
idv_contract_bundling,"Indicates whether the IDV involves contract bundling, relevant for understanding procurement strategies."
idv_contract_bundling_desc,"Describes the specifics of the contract bundling, providing additional context for its application."
idv_type_of_contract,"Categorizes the type of contract associated with the IDV, aiding in contract management and analysis."
idv_type_of_contract_desc,"Provides a description of the IDV contract type, offering further context for understanding contract specifics."
idv_type_of_idc,"Indicates the type of IDC (Indefinite Delivery Contract) associated with the IDV, relevant for contract classification."
idv_type_of_idc_desc,"Describes the IDC type, providing additional context for the nature of the IDV."
idv_program_acronym,"Contains the acronym for the program associated with the IDV, useful for quick reference and identification."
idv_contracting_agency_id,"Represents the ID of the agency responsible for contracting the IDV, facilitating agency-specific tracking."
idv_contracting_agency_name,"The name of the agency that is contracting the IDV, providing clarity on the agency's role."
idv_department_id,"Indicates the ID of the department within the agency responsible for the IDV, useful for departmental analysis."
idv_department_name,"The name of the department associated with the IDV, offering context for departmental responsibilities."
idv_ref_idv_agency_code,"Represents the agency code for any referenced IDV, aiding in cross-referencing and tracking."
idv_ref_idv_piid,"Contains the PIID for any referenced IDV, which can be important for linking related records."
idv_part8_or_part13,"Indicates whether the IDV falls under Part 8 or Part 13 regulations, relevant for compliance and reporting."
idv_type_of_set_aside,"Describes the type of set-aside associated with the IDV, which can impact eligibility and compliance."
idv_type_of_set_aside_desc,"Provides a description of the set-aside type, offering further context for understanding its implications."
idv_extent_competed,"Indicates the extent to which the IDV was competed, which is important for transparency and compliance."
idv_extent_competed_desc,"Describes the extent of competition for the IDV, providing additional context for procurement practices."
idv_solicitation_procedures,"Details the solicitation procedures followed for the IDV, relevant for understanding procurement processes."
idv_solicitation_proc_desc,"Provides a description of the solicitation procedures, offering insights into the procurement methodology."
idv_evaluated_preference,"Indicates whether evaluated preferences were applied in the IDV process, which can affect award decisions."
idv_evaluated_pref_desc,"Describes the evaluated preferences used, providing context for their application in the IDV."
idv_fair_opportunity,"Indicates whether fair opportunity was provided in the IDV process, relevant for compliance and transparency."
idv_fair_opportunity_desc,"Provides a description of the fair opportunity process, offering insights into its implementation."
idv_reason_not_competed,"Details the reason why the IDV was not competed, which is important for compliance and reporting."
idv_reason_not_com_desc,"Describes the reason for not competing the IDV, providing additional context for decision-making."
idv_local_area_set_aside,"Indicates whether the IDV is set aside for local area businesses, relevant for economic development analysis."
idv_lasa_description,"Provides a description of the local area set-aside, offering insights into its objectives and scope."
idv_psc_code,"Represents the PSC (Product Service Code) associated with the IDV, useful for categorizing the type of services or products involved."
idv_psc_desc,"Describes the PSC, providing additional context for understanding the nature of the services or products."
idv_signed_date,"Indicates the date the IDV was signed, which is important for tracking the timeline of the award process."
idv_effective_date,"Represents the date the IDV becomes effective, relevant for understanding the start of obligations."
idv_last_date_to_order,"Indicates the last date on which orders can be placed under the IDV, important for contract management."
idv_number_of_offers,"Represents the number of offers received for the IDV, which can provide insights into competition levels."
idv_ciap,"Indicates whether the IDV is part of the CIAP (Commercial Item Acquisition Program), relevant for procurement strategies."
idv_ciap_desc,"Provides a description of the CIAP, offering insights into its objectives and scope."
idv_citp,"Indicates whether the IDV is part of the CITP (Commercial Item Test Program), relevant for understanding procurement practices."
idv_solicitation_id,"Represents the ID associated with the solicitation for the IDV, useful for tracking and reference."
idv_fiscal_year,"Indicates the fiscal year associated with the IDV, important for financial reporting and analysis."
idv_mul_or_single_comp,"Describes whether the IDV was awarded as a multiple or single competition, relevant for procurement analysis."
idv_version,"Indicates the version of the IDV, which can be important for tracking changes and updates."
idv_dollars_obligated,"Represents the total dollars obligated under the IDV, crucial for financial analysis and reporting."
idv_current_contract_value,"Indicates the current value of the contract associated with the IDV, important for financial tracking."
idv_ultimate_contract_value,"Represents the ultimate value of the contract, which can provide insights into long-term financial commitments."
idv_recovered_material_clauses,"Indicates whether recovered material clauses are included in the IDV, relevant for compliance and sustainability."
idv_rcra_desc,"Provides a description of the RCRA (Resource Conservation and Recovery Act) clauses, offering insights into regulatory compliance."
part8_or_part13,"Indicates whether the award falls under Part 8 or Part 13 regulations, relevant for compliance and reporting."
award_fiscal_year,"Represents the fiscal year associated with the award, important for financial reporting and analysis."
clod_date,"Indicates the date of the CLod (Contract Line Item Description), which is important for tracking contract details."
post_clod_mod,"Describes any modifications made after the CLod, relevant for understanding changes in contract terms."
v14_part8_bpa_or_call,"Indicates whether the record pertains to a Part 8 BPA (Blanket Purchase Agreement) or call, relevant for procurement classification."
co_address_line_1,"Contains the first line of the address for the contracting office, important for correspondence and documentation."
co_address_line_2,"Provides additional address information for the contracting organization, ensuring complete contact details."
co_address_city,"Indicates the city of the contracting organization, which is necessary for geographical identification."
co_address_state,"Represents the state of the contracting organization, aiding in regional analysis and compliance."
co_address_country,"Specifies the country of the contracting organization, important for international procurement considerations."
co_zip_code,"The zip code for the contracting organization, which is essential for accurate address representation."
fo_address_line_1,"The primary address line for the funding organization, ensuring clear identification of the funding source."
fo_address_line_2,"Provides additional address information for the funding organization, ensuring complete contact details."
fo_address_city,"Indicates the city of the funding organization, which is necessary for geographical identification."
fo_address_state,"Represents the state of the funding organization, aiding in regional analysis and compliance."
fo_address_country,"Specifies the country of the funding organization, important for international procurement considerations."
fo_zip_code,"The zip code for the funding organization, which is essential for accurate address representation."
preparedby_firstname,"The first name of the individual who prepared the record, useful for accountability and follow-up."
preparedby_lastname,"The last name of the individual who prepared the record, providing full identification for accountability."
lastmodified_firstname,"The first name of the individual who last modified the record, important for tracking changes and accountability."
lastmodified_lastname,"The last name of the individual who last modified the record, providing full identification for accountability."
has_interagency_orders,"Indicates whether there are any interagency orders associated with the record, which can impact compliance and coordination."
parent_duns_number,"The DUNS number of the parent organization, which is crucial for identifying the broader corporate structure."
parent_vendor_name,"The name of the parent vendor, providing context for the organizational hierarchy."
parent_st_add_1,"The primary address line for the parent organization, ensuring clear identification of the parent entity."
parent_st_add_2,"Provides additional address information for the parent organization, ensuring complete contact details."
parent_city,"Indicates the city of the parent organization, which is necessary for geographical identification."
parent_postal_code,"The postal code for the parent organization, which is essential for accurate address representation."
parent_country_code,"Specifies the country code for the parent organization, important for international considerations."
parent_state_code,"Represents the state code for the parent organization, aiding in regional analysis."
domestic_duns_number,"The DUNS number for the domestic vendor, which is crucial for identifying the vendor's status."
domestic_vendor_name,"The name of the domestic vendor, providing context for the procurement process."
domestic_st_add_1,"The primary address line for the domestic vendor, ensuring clear identification of the vendor."
domestic_st_add_2,"Provides additional address information for the domestic vendor, ensuring complete contact details."
domestic_city,"Indicates the city of the domestic vendor, which is necessary for geographical identification."
domestic_postal_code,"The postal code for the domestic vendor, which is essential for accurate address representation."
domestic_country_code,"Specifies the country code for the domestic vendor, important for international considerations."
domestic_state_code,"Represents the state code for the domestic vendor, aiding in regional analysis."
global_duns_number,"The DUNS number for the global vendor, which is crucial for identifying the vendor's status internationally."
global_vendor_name,"The name of the global vendor, providing context for the international procurement process."
global_st_add_1,"The primary address line for the global vendor, ensuring clear identification of the vendor."
global_st_add_2,"Provides additional address information for the global vendor, ensuring complete contact details."
global_city,"Indicates the city of the global vendor, which is necessary for geographical identification."
global_postal_code,"The postal code for the global vendor, which is essential for accurate address representation."
global_country_code,"Specifies the country code for the global vendor, important for international considerations."
global_state_code,"Represents the state code for the global vendor, aiding in regional analysis."
sys_last_modified_date,"Records the last date and time the entry was modified, which is important for tracking changes over time."
contract_sub_type,"Describes the subtype of the contract, providing additional granularity for analysis."
pre_award_synopsis_desc,"Offers a description of the pre-award synopsis, which is important for understanding the procurement process."
swe_short_description,"Provides a brief description of the SWE (Software Engineering) aspect of the award or IDV, useful for quick reference."
sea_transportation_desc,"Describes any sea transportation aspects related to the award or IDV, which can be relevant for logistics."
contingency_ops_desc,"Offers a description of the contingency operations related to the award or IDV, important for operational planning."
contract_financing_desc,"Describes the financing arrangements for the contract, which is crucial for financial analysis."
contract_bundling_desc,"Provides a description of any bundling arrangements in the contract, which can impact compliance and procurement strategies."
subcontract_plan_desc,"Offers a description of the subcontracting plan associated with the award or IDV, important for understanding subcontracting practices."
co_bus_size_determination_desc,"Describes the determination made regarding the size of the business, providing context for compliance and eligibility."
ccr_exception_type_desc,"Describes the type of exception related to the CCR process, providing clarity on compliance issues."
vendor_name_alternate,"An alternate name for the vendor, which can be useful for cross-referencing and verification."
vendor_legal_organization_name,"The legal name of the vendor organization, important for formal documentation and contracts."
vendor_fax_number,"The fax number for the vendor, which may be relevant for communication purposes."
vendor_site_code,"A code representing the specific site of the vendor, useful for location-based analysis."
vendor_site_code_alternate,"An alternate site code for the vendor, providing additional reference for site identification."
vendor_division_name,"The name of the division within the vendor organization, which can help in understanding the structure of the vendor."
vendor_division_number,"A number representing the division of the vendor, useful for internal tracking and organization."
it_commercial_item_cat_desc,"Describes the category of IT commercial items involved, relevant for procurement and compliance assessments."
ref_idv_agency_name,"The name of the agency associated with the reference IDV, providing context for the relationship."
state_of_incorp_desc,"Describes the state in which the vendor is incorporated, which can have legal and tax implications."
cost_or_pricing_data_desc,"Provides a description of the cost or pricing data associated with the award or IDV, important for financial analysis."
country_of_incorp_desc,"Describes the country in which the vendor is incorporated, relevant for international compliance and analysis."
alternative_advertising_code,"A code representing alternative advertising methods used, which can be important for compliance tracking."
contract_fiscal_year,"Indicates the fiscal year associated with the contract, useful for financial reporting and analysis."
inherently_governmental_code,"A code indicating whether the work is inherently governmental, which is critical for compliance with procurement regulations."
inherently_governmental_desc,"Describes the nature of the inherently governmental work, providing context for compliance assessments."
reason_for_purchase_desc,"Describes the rationale behind the purchase, which can be important for justifying expenditures."
vendor_registration_date,"The date on which the vendor was registered, relevant for tracking vendor compliance and eligibility."
vendor_renewal_date,"The date on which the vendor's registration is set to be renewed, important for maintaining compliance."
who_can_use_desc,"Describes the eligibility criteria for who can utilize the award or IDV, relevant for program compliance."
type_of_fee_desc,"Describes the type of fee associated with the award or IDV, which can impact financial planning."
type_of_idc_desc,"Describes the type of indirect costs associated with the award or IDV, important for budgeting and financial analysis."
multiple_or_single_desc,"Indicates whether the award or IDV is for multiple or single purposes, which can affect funding distribution."
cost_or_pricing_data_code,"A code representing the type of cost or pricing data, useful for financial categorization."
mosa_code,"Indicates the code for the MOSA program, relevant for understanding specific procurement strategies."
sea_transportation_code,"A code related to sea transportation, which may be relevant for logistics and procurement."
approved_by,"The individual or entity that approved the award or IDV, important for accountability and tracking."
approved_date,"The date on which the award or IDV was approved, relevant for timeline analysis."
updated_via,"Indicates the method by which the record was updated, useful for tracking changes and maintaining data integrity."
base_date_signed,"The date on which the base contract was signed, important for contract management and compliance."
idv_base_date_signed,"The date on which the IDV base contract was signed, relevant for tracking IDV-specific timelines."
idv_ref_base_date_signed,"The date on which the reference IDV base contract was signed, important for understanding related contracts."
old_agency_code,"The previous agency code associated with the record, useful for historical tracking and analysis."
old_agency_name,"The previous name of the agency associated with the record, providing context for changes over time."
old_piid,"The previous PIID associated with the record, important for tracking historical data."
old_modification_number,"The previous modification number for the award or IDV, relevant for understanding changes made."
old_transaction_number,"The previous transaction number associated with the record, useful for historical reference."
old_idv_agency_code,"The previous agency code associated with the IDV, important for tracking changes in agency involvement."
old_idv_agency_name,"The previous name of the agency associated with the IDV, providing context for historical changes."
old_idv_piid,"The previous PIID associated with the IDV, relevant for tracking historical IDV data."
old_idv_modification_number,"The previous modification number for the IDV, important for understanding changes made to the IDV."
base_dollars_obligated,"The total amount of dollars obligated under the base contract, critical for financial analysis."
base_current_contract_value,"The current value of the base contract, important for understanding the financial status of the award."
base_ultimate_contract_value,"The ultimate value of the base contract, which can be important for long-term financial planning."
cage_code,"The CAGE code for the vendor, which is essential for identifying and verifying vendor information."
nasa_statutory_authority,"Indicates the statutory authority under which NASA operates, relevant for compliance and regulatory analysis."
closed_by,"The individual or entity that closed the award or IDV, important for accountability and tracking."
closed_date,"The date on which the award or IDV was closed, relevant for timeline analysis."
closed_status,"Describes the status of the award or IDV upon closure, providing insights into the final outcome."
idv_type_of_set_aside_v15,"Specifies the type of set-aside for the IDV, which is crucial for understanding the funding's intended beneficiaries."
idv_type_of_set_aside_desc_v15,"Provides a description of the set-aside type, offering clarity on the funding's restrictions."
type_of_set_aside_source,"Indicates the source of the set-aside, which is important for compliance and reporting purposes."
type_of_set_aside_source_desc,"Describes the source of the set-aside, providing additional context for the funding's allocation."
idv_number_of_offers_received,"Represents the number of offers received for the IDV, which can indicate competition levels."
number_of_offers_source,"Indicates the source of the number of offers received, relevant for understanding data collection methods."
number_of_offers_source_desc,"Provides a description of the source for the number of offers, adding clarity to the data's origin."
idv_co_bus_size_v15,"Specifies the size of the business involved in the IDV, which is important for compliance with size standards."
idv_co_bus_size_desc_v15,"Describes the business size determination for the IDV, providing context for the associated code."
idv_co_bus_size_source,"Indicates the source of the business size determination, relevant for compliance and reporting."
idv_co_bus_size_source_desc,"Provides a description of the source for the business size determination, adding clarity to the data's origin."
idv_naics_v15,"Represents the NAICS code associated with the IDV, which is essential for industry classification."
idv_naics_desc_v15,"Describes the NAICS code for the IDV, providing context for the industry classification."
naics_source,"Indicates the source of the NAICS code, relevant for understanding data collection methods."
naics_source_desc,"Provides a description of the source for the NAICS code, adding clarity to the data's origin."
additional_reporting,"Indicates whether additional reporting is required for the award or IDV, which can affect compliance obligations."
additional_reporting_desc,"Describes the nature of any additional reporting requirements, providing clarity on compliance needs."
total_estimated_order_value,"Represents the total estimated value of the order, which is crucial for budgetary and financial analysis."
non_federal_funding_amount,"Indicates the amount of funding that is not from federal sources, important for understanding funding diversity."
cfda_pin,"Represents the CFDA PIN associated with the award or IDV, which is important for tracking federal legacy_procurementance programs."
cfda_pin_desc,"Provides a description of the CFDA PIN, offering context for the associated identifier."
solicitation_date,"Indicates the date of solicitation, which is important for tracking the timeline of the procurement process."
total_actions,"Represents the total number of actions taken related to the award or IDV, useful for assessing activity levels."
total_dollars_obligated,"Indicates the total amount of dollars obligated under the award or IDV, crucial for financial reporting."
total_current_contract_value,"Represents the current value of the contract, which is important for understanding financial commitments."
total_ultimate_contract_value,"Indicates the ultimate value of the contract, providing insights into long-term financial implications."
total_non_government_value,"Represents the total value of funding that is not from government sources, important for funding analysis."
process_id,"A unique identifier for the process associated with the award or IDV, facilitating tracking and reference."
create_timestamp,"Indicates the timestamp when the record was created, useful for auditing and historical analysis."
last_modified_timestamp,"Represents the timestamp of the last modification made to the record, important for tracking changes over time."
delete_flag,"Indicates whether the record has been marked for deletion, which is essential for data integrity."
source_selection_process,"Describes the process used for source selection, relevant for understanding procurement strategies."
source_selection_process_desc,"Provides a description of the source selection process, adding clarity to the procurement methodology."
uei_name,"Represents the name associated with the Unique Entity Identifier, important for entity identification."
vendor_uei,"Indicates the Unique Entity Identifier for the vendor, which is crucial for tracking vendor information."
domestic_uei,"Represents the Unique Entity Identifier for domestic entities, important for compliance and reporting."
domestic_uei_name,"Indicates the name associated with the domestic Unique Entity Identifier, providing context for identification."
ultimate_uei,"Represents the Unique Entity Identifier for the ultimate parent entity, important for understanding organizational structure."
ultimate_uei_name,"Indicates the name associated with the ultimate Unique Entity Identifier, providing context for identification."
immediate_parent_uei,"Represents the Unique Entity Identifier for the immediate parent entity, important for organizational hierarchy."
immediate_parent_uei_name,"Indicates the name associated with the immediate parent Unique Entity Identifier, providing context for identification."
entity_data_source,"Describes the source of the entity data, relevant for understanding data collection methods."
primary_consortia_member_flag,"Indicates whether the entity is a primary member of a consortia, which can affect funding eligibility."
consortia_uei,"Represents the Unique Entity Identifier for the consortia, important for tracking consortia-related information."
consortia_uei_name,"Indicates the name associated with the consortia Unique Entity Identifier, providing context for identification."
consortia_address_line_1,"Provides the first line of the consortia's address, essential for location identification."
consortia_address_line_2,"Offers the second line of the consortia's address, useful for complete address details."
consortia_address_city,"Indicates the city of the consortia's address, important for geographical identification."
consortia_address_state,"Represents the state of the consortia's address, essential for regional identification."
consortia_zip_code,"Provides the zip code of the consortia's address, important for precise location identification."
consortia_country_code,"Represents the country code for consortia involved in the award or IDV, useful for international analysis."
consortia_cage_code,"Contains the CAGE code for the consortia, facilitating identification and verification of entities involved."
consortia_congressional_district,"Indicates the congressional district associated with the consortia, which can be important for political and funding analysis."
sbjv_flag,"Indicates whether the award or IDV is associated with a small business joint venture, relevant for compliance and reporting."
sdvobjv_flag,"Reflects whether the award or IDV is linked to a service-disabled veteran-owned small business joint venture, important for tracking veteran-related initiatives."
sba_cert_wosb_flag,"Indicates if the business is certified as a woman-owned small business, which is significant for diversity and inclusion efforts."
sba_cert_edwosb_flag,"Shows whether the business is certified as an economically disadvantaged woman-owned small business, relevant for compliance and funding opportunities."
_rescued_data,"Contains any data that has been rescued or recovered, which may be important for data integrity and completeness."